{
"lengthUnit": "mil",
"remark": [],
"components": {
	"fields": ["COMPONENT_NO", "COMPONENT_NAME", "LAYER", "X_COORDINATE", "Y_COORDINATE", "ANGLE"],
	"rows": [
		[1, "C1", "T", -60, 235, 0],
		[2, "C2", "T", 70, 235, 0],
		[3, "C3", "T", -60.2155, -347.208, 0],
		[4, "C4", "T", 78.9155, -347.208, 0],
		[5, "C5", "T", 195.7275, -347.208, 0],
		[6, "C6", "T", 290.2165, -347.208, 0],
		[7, "CN1", "T", 480, 75, 180],
		[8, "CN2", "T", 480, -170, 180],
		[9, "H1", "T", 430, 255, 0],
		[10, "LED1", "T", -435, 245, 270],
		[11, "LED2", "T", -285, 245, 270],
		[12, "LED3", "T", -430, -315, 90],
		[13, "LED4", "T", -285, -315, 90],
		[14, "R1", "T", 275, -230, 0],
		[15, "R2", "T", 275, -165, 0],
		[16, "R3", "T", 275, -95, 0],
		[17, "R4", "T", 275, -30, 0],
		[18, "R6", "T", 270, 70, 90],
		[19, "SWCLIK1", "T", -60.1575, 293.9375, 0],
		[20, "SWDIO1", "T", -20.1575, 293.3075, 0],
		[21, "U2", "T", 375, -350, 0],
		[22, "U3", "T", 230, 205, 0],
		[23, "U4", "T", -19.0645, -71.456, 0],
		[24, "USB2", "T", -340, -30, 270],
		[25, "PAD1", "T", -32.44, 235, 0],
		[26, "PAD2", "T", -87.56, 235, 0],
		[27, "PAD3", "T", 97.56, 235, 0],
		[28, "PAD4", "T", 42.44, 235, 0],
		[29, "PAD5", "T", -32.6555, -347.208, 0],
		[30, "PAD6", "T", -87.7755, -347.208, 0],
		[31, "PAD7", "T", 106.4755, -347.208, 0],
		[32, "PAD8", "T", 51.3555, -347.208, 0],
		[33, "PAD9", "T", 212.2675, -347.208, 0],
		[34, "PAD10", "T", 179.1875, -347.208, 0],
		[35, "PAD11", "T", 306.7565, -347.208, 0],
		[36, "PAD12", "T", 273.6765, -347.208, 0],
		[37, "PAD13", "T", 387.48, 157.68, 0],
		[38, "PAD14", "T", 387.48, -7.68, 0],
		[39, "PAD15", "T", 572.52, -11.61, 0],
		[40, "PAD16", "T", 572.52, 161.61, 0],
		[41, "PAD17", "T", 387.48, -87.32, 0],
		[42, "PAD18", "T", 387.48, -252.68, 0],
		[43, "PAD19", "T", 572.52, -256.61, 0],
		[44, "PAD20", "T", 572.52, -83.39, 0],
		[45, "PAD21", "T", 480, 255, 0],
		[46, "PAD21", "B", 480, 255, 0],
		[47, "PAD22", "T", 380, 255, 0],
		[48, "PAD22", "B", 380, 255, 0],
		[49, "PAD23", "T", -435, 276.5, 0],
		[50, "PAD24", "T", -435, 213.5, 0],
		[51, "PAD25", "T", -285, 276.5, 0],
		[52, "PAD26", "T", -285, 213.5, 0],
		[53, "PAD27", "T", -430, -346.5, 0],
		[54, "PAD28", "T", -430, -283.5, 0],
		[55, "PAD29", "T", -285, -346.5, 0],
		[56, "PAD30", "T", -285, -283.5, 0],
		[57, "PAD31", "T", 292.04, -230, 0],
		[58, "PAD32", "T", 257.96, -230, 0],
		[59, "PAD33", "T", 292.04, -165, 0],
		[60, "PAD34", "T", 257.96, -165, 0],
		[61, "PAD35", "T", 292.04, -95, 0],
		[62, "PAD36", "T", 257.96, -95, 0],
		[63, "PAD37", "T", 292.04, -30, 0],
		[64, "PAD38", "T", 257.96, -30, 0],
		[65, "PAD39", "T", 270, 99.66, 0],
		[66, "PAD40", "T", 270, 40.34, 0],
		[67, "PAD41", "T", 375.175, -349.98, 0],
		[68, "PAD42", "T", 387.795, -368.68, 0],
		[69, "PAD43", "T", 362.205, -368.72, 0],
		[70, "PAD44", "T", 362.205, -331.28, 0],
		[71, "PAD45", "T", 387.795, -331.28, 0],
		[72, "PAD46", "T", 230, 204.995, 0],
		[73, "PAD47", "T", 286.4, 243.385, 0],
		[74, "PAD48", "T", 286.4, 217.795, 0],
		[75, "PAD49", "T", 286.4, 192.205, 0],
		[76, "PAD50", "T", 286.4, 166.615, 0],
		[77, "PAD51", "T", 173.6, 166.615, 0],
		[78, "PAD52", "T", 173.6, 192.205, 0],
		[79, "PAD53", "T", 173.6, 217.795, 0],
		[80, "PAD54", "T", 173.6, 243.385, 0],
		[81, "PAD55", "T", -19.0645, -71.456, 0],
		[82, "PAD56", "T", -155.8645, -179.726, 0],
		[83, "PAD57", "T", -155.8645, -160.036, 0],
		[84, "PAD58", "T", -155.8645, -140.356, 0],
		[85, "PAD59", "T", -155.8645, -100.986, 0],
		[86, "PAD60", "T", -155.8645, -61.616, 0],
		[87, "PAD61", "T", -155.8645, 36.814, 0],
		[88, "PAD62", "T", -127.3345, 65.344, 0],
		[89, "PAD63", "T", -107.6445, 65.344, 0],
		[90, "PAD64", "T", -87.9645, 65.344, 0],
		[91, "PAD65", "T", -68.2745, 65.344, 0],
		[92, "PAD66", "T", -48.5945, 65.344, 0],
		[93, "PAD67", "T", -28.9045, 65.344, 0],
		[94, "PAD68", "T", 117.7355, 17.124, 0],
		[95, "PAD69", "T", 117.7355, -22.246, 0],
		[96, "PAD70", "T", 117.7355, -41.926, 0],
		[97, "PAD71", "T", 117.7355, -81.296, 0],
		[98, "PAD72", "T", 117.7355, -100.986, 0],
		[99, "PAD73", "T", 117.7355, -120.666, 0],
		[100, "PAD74", "T", 117.7355, -140.356, 0],
		[101, "PAD75", "T", 117.7355, -160.036, 0],
		[102, "PAD76", "T", -127.3345, -208.256, 0],
		[103, "PAD77", "T", -246.495, 95.985, 0],
		[104, "PAD78", "T", -246.495, 64.485, 0],
		[105, "PAD79", "T", -246.495, 19.205, 0],
		[106, "PAD80", "T", -246.495, -0.475, 0],
		[107, "PAD81", "T", -246.495, -20.155, 0],
		[108, "PAD82", "T", -246.495, -39.845, 0],
		[109, "PAD83", "T", -246.495, -59.525, 0],
		[110, "PAD84", "T", -246.495, -98.905, 0],
		[111, "PAD85", "T", -246.495, -124.495, 0],
		[112, "PAD86", "T", -246.495, -155.985, 0],
		[113, "PAD87", "T", -268.145, 140.275, 0],
		[114, "PAD87", "B", -268.145, 140.275, 0],
		[115, "PAD88", "T", -268.145, -200.275, 0],
		[116, "PAD88", "B", -268.145, -200.275, 0],
		[117, "PAD89", "T", -433.505, 140.275, 0],
		[118, "PAD89", "B", -433.505, 140.275, 0],
		[119, "PAD90", "T", -433.505, -200.275, 0],
		[120, "PAD90", "B", -433.505, -200.275, 0],
		[121, "PAD91", "T", -20.1575, 293.3075, 0],
		[122, "PAD92", "T", -60.1575, 293.9375, 0]
	]
},
"pins": {
	"fields": ["PIN_NO", "PIN_NAME", "PIN_X", "PIN_Y", "LAYER", "PIN_TYPE", "NET_NAME", "NET_TYPE", "PAD_SHAPE", "PAD_SIZEX", "PAD_SIZEY", "HOLE_SIZE", "HOLE_LEN", "PAD_ANGLE"],
	"rows": [
		[1, "C1_1", -87.56, 235, "T", "SMD", "GND", "GND", "R", 31.496, 35.433, 0, 0, 0],
		[2, "C1_2", -32.44, 235, "T", "SMD", "3V3", "", "R", 31.496, 35.433, 0, 0, 0],
		[3, "C2_1", 42.44, 235, "T", "SMD", "GND", "GND", "R", 31.496, 35.433, 0, 0, 0],
		[4, "C2_2", 97.56, 235, "T", "SMD", "+5V", "", "R", 31.496, 35.433, 0, 0, 0],
		[5, "C3_1", -87.7755, -347.208, "T", "SMD", "GND", "GND", "R", 31.496, 35.433, 0, 0, 0],
		[6, "C3_2", -32.6555, -347.208, "T", "SMD", "3V3", "", "R", 31.496, 35.433, 0, 0, 0],
		[7, "C4_1", 51.3555, -347.208, "T", "SMD", "GND", "GND", "R", 31.496, 35.433, 0, 0, 0],
		[8, "C4_2", 106.4755, -347.208, "T", "SMD", "3V3", "", "R", 31.496, 35.433, 0, 0, 0],
		[9, "C5_1", 179.1875, -347.208, "T", "SMD", "GND", "GND", "R", 19.685, 21.26, 0, 0, 0],
		[10, "C5_2", 212.2675, -347.208, "T", "SMD", "3V3", "", "R", 19.685, 21.26, 0, 0, 0],
		[11, "C6_1", 273.6765, -347.208, "T", "SMD", "GND", "GND", "R", 19.685, 21.26, 0, 0, 0],
		[12, "C6_2", 306.7565, -347.208, "T", "SMD", "3V3", "", "R", 19.685, 21.26, 0, 0, 0],
		[13, "CN1_1", 387.48, 157.68, "T", "SMD", "CANL", "", "R", 39.37, 66.929, 0, 0, 270],
		[14, "CN1_2", 387.48, -7.68, "T", "SMD", "CANH", "", "R", 39.37, 66.929, 0, 0, 270],
		[15, "CN1_3", 572.52, -11.61, "T", "SMD", "GND", "GND", "R", 31.496, 66.929, 0, 0, 270],
		[16, "CN1_4", 572.52, 161.61, "T", "SMD", "GND", "GND", "R", 31.496, 66.929, 0, 0, 270],
		[17, "CN2_1", 387.48, -87.32, "T", "SMD", "CANL", "", "R", 39.37, 66.929, 0, 0, 270],
		[18, "CN2_2", 387.48, -252.68, "T", "SMD", "CANH", "", "R", 39.37, 66.929, 0, 0, 270],
		[19, "CN2_3", 572.52, -256.61, "T", "SMD", "GND", "GND", "R", 31.496, 66.929, 0, 0, 270],
		[20, "CN2_4", 572.52, -83.39, "T", "SMD", "GND", "GND", "R", 31.496, 66.929, 0, 0, 270],
		[21, "H1_1", 380, 255, "T", "DIP", "$1N5486", "", "R", 70.866, 70.866, 43.308, 43.308, 0],
		[22, "H1_1", 380, 255, "B", "DIP", "$1N5486", "", "R", 70.866, 70.866, 43.308, 43.308, 0],
		[23, "H1_2", 480, 255, "T", "DIP", "CANL", "", "C", 70.866, 70.866, 43.308, 43.308, 0],
		[24, "H1_2", 480, 255, "B", "DIP", "CANL", "", "C", 70.866, 70.866, 43.308, 43.308, 0],
		[25, "LED1_1", -435, 213.5, "T", "SMD", "+5V", "", "R", 31.496, 31.496, 0, 0, 0],
		[26, "LED1_2", -435, 276.5, "T", "SMD", "$1N952", "", "R", 31.496, 31.496, 0, 0, 0],
		[27, "LED2_1", -285, 213.5, "T", "SMD", "+5V", "", "R", 31.496, 31.496, 0, 0, 0],
		[28, "LED2_2", -285, 276.5, "T", "SMD", "$1N985", "", "R", 31.496, 31.496, 0, 0, 0],
		[29, "LED3_1", -430, -283.5, "T", "SMD", "+5V", "", "R", 31.496, 31.496, 0, 0, 180],
		[30, "LED3_2", -430, -346.5, "T", "SMD", "$1N1015", "", "R", 31.496, 31.496, 0, 0, 180],
		[31, "LED4_1", -285, -283.5, "T", "SMD", "+5V", "", "R", 31.496, 31.496, 0, 0, 180],
		[32, "LED4_2", -285, -346.5, "T", "SMD", "$1N1045", "", "R", 31.496, 31.496, 0, 0, 180],
		[33, "R1_1", 257.96, -230, "T", "SMD", "$1N952", "", "R", 22.27, 21.26, 0, 0, 0],
		[34, "R1_2", 292.04, -230, "T", "SMD", "LED1", "", "R", 22.27, 21.26, 0, 0, 0],
		[35, "R2_1", 257.96, -165, "T", "SMD", "$1N985", "", "R", 22.27, 21.26, 0, 0, 0],
		[36, "R2_2", 292.04, -165, "T", "SMD", "LED2", "", "R", 22.27, 21.26, 0, 0, 0],
		[37, "R3_1", 257.96, -95, "T", "SMD", "$1N1015", "", "R", 22.27, 21.26, 0, 0, 0],
		[38, "R3_2", 292.04, -95, "T", "SMD", "LED3", "", "R", 22.27, 21.26, 0, 0, 0],
		[39, "R4_1", 257.96, -30, "T", "SMD", "$1N1045", "", "R", 22.27, 21.26, 0, 0, 0],
		[40, "R4_2", 292.04, -30, "T", "SMD", "LED4", "", "R", 22.27, 21.26, 0, 0, 0],
		[41, "R6_1", 270, 40.34, "T", "SMD", "CANH", "", "R", 31.751, 34.016, 0, 0, 90],
		[42, "R6_2", 270, 99.66, "T", "SMD", "$1N5486", "", "R", 31.751, 34.016, 0, 0, 90],
		[43, "SWCLIK1_1", -60.1575, 293.9375, "T", "SMD", "$1N6179", "", "R", 19.685, 25.7, 0, 0, 0],
		[44, "SWDIO1_1", -20.1575, 293.3075, "T", "SMD", "$1N6197", "", "R", 19.685, 25.7, 0, 0, 0],
		[45, "U2_1", 362.205, -368.72, "T", "SMD", "3V3", "", "P", 7.874, 15.749, 0, 0, 0],
		[46, "U2_2", 387.795, -368.68, "T", "SMD", "GND", "GND", "P", 7.875, 15.749, 0, 0, 0],
		[47, "U2_3", 387.795, -331.28, "T", "SMD", "+5V", "", "P", 7.875, 15.749, 0, 0, 0],
		[48, "U2_4", 362.205, -331.28, "T", "SMD", "+5V", "", "P", 7.875, 15.748, 0, 0, 0],
		[49, "U2_5", 375.175, -349.98, "T", "SMD", "GND", "GND", "R", 18.898, 18.898, 0, 0, 45],
		[50, "U3_1", 173.6, 243.385, "T", "SMD", "CANTX", "", "R", 14, 28, 0, 0, 270],
		[51, "U3_2", 173.6, 217.795, "T", "SMD", "GND", "GND", "R", 14, 28, 0, 0, 270],
		[52, "U3_3", 173.6, 192.205, "T", "SMD", "+5V", "", "R", 14, 28, 0, 0, 270],
		[53, "U3_4", 173.6, 166.615, "T", "SMD", "CANRX", "", "R", 14, 28, 0, 0, 270],
		[54, "U3_5", 286.4, 166.615, "T", "SMD", "3V3", "", "R", 14, 28, 0, 0, 270],
		[55, "U3_6", 286.4, 192.205, "T", "SMD", "CANL", "", "R", 14, 28, 0, 0, 270],
		[56, "U3_7", 286.4, 217.795, "T", "SMD", "CANH", "", "R", 14, 28, 0, 0, 270],
		[57, "U3_8", 286.4, 243.385, "T", "SMD", "CANEN", "", "R", 14, 28, 0, 0, 270],
		[58, "U3_9", 230, 204.995, "T", "SMD", "GND", "GND", "R", 94.488, 62.992, 0, 0, 270],
		[59, "U4_1", -127.3345, -208.256, "T", "SMD", "3V3", "", "O", 11.024, 33.465, 0, 0, 0],
		[60, "U4_2", -107.6445, -208.256, "T", "SMD", "NET_1", "", "O", 11.024, 33.465, 0, 0, 0],
		[61, "U4_3", -87.9645, -208.256, "T", "SMD", "NET_2", "", "O", 11.024, 33.465, 0, 0, 0],
		[62, "U4_4", -68.2745, -208.256, "T", "SMD", "NET_3", "", "O", 11.024, 33.465, 0, 0, 0],
		[63, "U4_5", -48.5945, -208.256, "T", "SMD", "NET_4", "", "O", 11.024, 33.465, 0, 0, 0],
		[64, "U4_6", -28.9045, -208.256, "T", "SMD", "NET_5", "", "O", 11.024, 33.465, 0, 0, 0],
		[65, "U4_7", -9.2245, -208.256, "T", "SMD", "NET_6", "", "O", 11.024, 33.465, 0, 0, 0],
		[66, "U4_8", 10.4655, -208.256, "T", "SMD", "NET_7", "", "O", 11.024, 33.465, 0, 0, 0],
		[67, "U4_9", 30.1455, -208.256, "T", "SMD", "NET_8", "", "O", 11.024, 33.465, 0, 0, 0],
		[68, "U4_10", 49.8355, -208.256, "T", "SMD", "NET_9", "", "O", 11.024, 33.465, 0, 0, 0],
		[69, "U4_11", 69.5155, -208.256, "T", "SMD", "NET_10", "", "O", 11.024, 33.465, 0, 0, 0],
		[70, "U4_12", 89.2055, -208.256, "T", "SMD", "NET_11", "", "O", 11.024, 33.465, 0, 0, 0],
		[71, "U4_13", 117.7355, -179.726, "T", "SMD", "NET_12", "", "O", 33.465, 11.024, 0, 0, 0],
		[72, "U4_14", 117.7355, -160.036, "T", "SMD", "LED1", "", "O", 33.465, 11.024, 0, 0, 0],
		[73, "U4_15", 117.7355, -140.356, "T", "SMD", "LED2", "", "O", 33.465, 11.024, 0, 0, 0],
		[74, "U4_16", 117.7355, -120.666, "T", "SMD", "CANEN", "", "O", 33.465, 11.024, 0, 0, 0],
		[75, "U4_17", 117.7355, -100.986, "T", "SMD", "LED3", "", "O", 33.465, 11.024, 0, 0, 0],
		[76, "U4_18", 117.7355, -81.296, "T", "SMD", "LED4", "", "O", 33.465, 11.024, 0, 0, 0],
		[77, "U4_19", 117.7355, -61.616, "T", "SMD", "NET_13", "", "O", 33.465, 11.024, 0, 0, 0],
		[78, "U4_20", 117.7355, -41.926, "T", "SMD", "3V3", "", "O", 33.465, 11.024, 0, 0, 0],
		[79, "U4_21", 117.7355, -22.246, "T", "SMD", "3V3", "", "O", 33.465, 11.024, 0, 0, 0],
		[80, "U4_22", 117.7355, -2.556, "T", "SMD", "NET_14", "", "O", 33.465, 11.024, 0, 0, 0],
		[81, "U4_23", 117.7355, 17.124, "T", "SMD", "3V3", "", "O", 33.465, 11.024, 0, 0, 0],
		[82, "U4_24", 117.7355, 36.814, "T", "SMD", "NET_15", "", "O", 33.465, 11.024, 0, 0, 0],
		[83, "U4_25", 89.2055, 65.344, "T", "SMD", "NET_16", "", "O", 11.024, 33.465, 0, 0, 0],
		[84, "U4_26", 69.5155, 65.344, "T", "SMD", "NET_17", "", "O", 11.024, 33.465, 0, 0, 0],
		[85, "U4_27", 49.8355, 65.344, "T", "SMD", "NET_18", "", "O", 11.024, 33.465, 0, 0, 0],
		[86, "U4_28", 30.1455, 65.344, "T", "SMD", "NET_19", "", "O", 11.024, 33.465, 0, 0, 0],
		[87, "U4_29", 10.4655, 65.344, "T", "SMD", "NET_20", "", "O", 11.024, 33.465, 0, 0, 0],
		[88, "U4_30", -9.2245, 65.344, "T", "SMD", "NET_21", "", "O", 11.024, 33.465, 0, 0, 0],
		[89, "U4_31", -28.9045, 65.344, "T", "SMD", "CC1", "", "O", 11.024, 33.465, 0, 0, 0],
		[90, "U4_32", -48.5945, 65.344, "T", "SMD", "CC2", "", "O", 11.024, 33.465, 0, 0, 0],
		[91, "U4_33", -68.2745, 65.344, "T", "SMD", "DN", "", "O", 11.024, 33.465, 0, 0, 0],
		[92, "U4_34", -87.9645, 65.344, "T", "SMD", "DP", "", "O", 11.024, 33.465, 0, 0, 0],
		[93, "U4_35", -107.6445, 65.344, "T", "SMD", "3V3", "", "O", 11.024, 33.465, 0, 0, 0],
		[94, "U4_36", -127.3345, 65.344, "T", "SMD", "$1N6197", "", "O", 11.024, 33.465, 0, 0, 0],
		[95, "U4_37", -155.8645, 36.814, "T", "SMD", "$1N6179", "", "O", 33.465, 11.024, 0, 0, 0],
		[96, "U4_38", -155.8645, 17.124, "T", "SMD", "NET_22", "", "O", 33.465, 11.024, 0, 0, 0],
		[97, "U4_39", -155.8645, -2.556, "T", "SMD", "NET_23", "", "O", 33.465, 11.024, 0, 0, 0],
		[98, "U4_40", -155.8645, -22.246, "T", "SMD", "NET_24", "", "O", 33.465, 11.024, 0, 0, 0],
		[99, "U4_41", -155.8645, -41.926, "T", "SMD", "NET_25", "", "O", 33.465, 11.024, 0, 0, 0],
		[100, "U4_42", -155.8645, -61.616, "T", "SMD", "CC2", "", "O", 33.465, 11.024, 0, 0, 0],
		[101, "U4_43", -155.8645, -81.296, "T", "SMD", "NET_26", "", "O", 33.465, 11.024, 0, 0, 0],
		[102, "U4_44", -155.8645, -100.986, "T", "SMD", "CC1", "", "O", 33.465, 11.024, 0, 0, 0],
		[103, "U4_45", -155.8645, -120.666, "T", "SMD", "NET_27", "", "O", 33.465, 11.024, 0, 0, 0],
		[104, "U4_46", -155.8645, -140.356, "T", "SMD", "CANRX", "", "O", 33.465, 11.024, 0, 0, 0],
		[105, "U4_47", -155.8645, -160.036, "T", "SMD", "CANTX", "", "O", 33.465, 11.024, 0, 0, 0],
		[106, "U4_48", -155.8645, -179.726, "T", "SMD", "3V3", "", "O", 33.465, 11.024, 0, 0, 0],
		[107, "U4_49", -19.0645, -71.456, "T", "SMD", "GND", "GND", "R", 216.535, 216.535, 0, 0, 0],
		[108, "USB2_1", -246.495, 95.985, "T", "SMD", "GND", "GND", "R", 21.654, 43.307, 0, 0, 270],
		[109, "USB2_2", -246.495, 64.485, "T", "SMD", "+5V", "", "R", 21.654, 43.307, 0, 0, 270],
		[110, "USB2_3", -246.495, 38.895, "T", "SMD", "NET_28", "", "R", 11.811, 43.307, 0, 0, 270],
		[111, "USB2_4", -246.495, 19.205, "T", "SMD", "CC1", "", "R", 11.811, 43.307, 0, 0, 270],
		[112, "USB2_5", -246.495, -0.475, "T", "SMD", "DN", "", "R", 11.811, 43.307, 0, 0, 270],
		[113, "USB2_6", -246.495, -20.155, "T", "SMD", "DP", "", "R", 11.811, 43.307, 0, 0, 270],
		[114, "USB2_7", -246.495, -39.845, "T", "SMD", "DN", "", "R", 11.811, 43.307, 0, 0, 270],
		[115, "USB2_8", -246.495, -59.525, "T", "SMD", "DP", "", "R", 11.811, 43.307, 0, 0, 270],
		[116, "USB2_9", -246.495, -79.215, "T", "SMD", "NET_29", "", "R", 11.811, 43.307, 0, 0, 270],
		[117, "USB2_10", -246.495, -98.905, "T", "SMD", "CC2", "", "R", 11.811, 43.307, 0, 0, 270],
		[118, "USB2_11", -246.495, -124.495, "T", "SMD", "+5V", "", "R", 21.654, 43.307, 0, 0, 270],
		[119, "USB2_12", -246.495, -155.985, "T", "SMD", "GND", "GND", "R", 21.654, 43.307, 0, 0, 270],
		[120, "USB2_13", -268.145, 140.275, "T", "DIP", "GND", "GND", "O", 43.307, 78.74, 23.622, 59.055, 270],
		[121, "USB2_13", -268.145, 140.275, "B", "DIP", "GND", "GND", "O", 43.307, 78.74, 23.622, 59.055, 270],
		[122, "USB2_13", -433.505, 140.275, "T", "DIP", "GND", "GND", "O", 47.244, 70.866, 23.622, 47.244, 270],
		[123, "USB2_13", -433.505, 140.275, "B", "DIP", "GND", "GND", "O", 47.244, 70.866, 23.622, 47.244, 270],
		[124, "USB2_14", -268.145, -200.275, "T", "DIP", "GND", "GND", "O", 43.307, 78.74, 23.622, 59.056, 270],
		[125, "USB2_14", -268.145, -200.275, "B", "DIP", "GND", "GND", "O", 43.307, 78.74, 23.622, 59.056, 270],
		[126, "USB2_14", -433.505, -200.275, "T", "DIP", "GND", "GND", "O", 47.244, 70.866, 23.622, 47.244, 270],
		[127, "USB2_14", -433.505, -200.275, "B", "DIP", "GND", "GND", "O", 47.244, 70.866, 23.622, 47.244, 270],
		[128, "PAD1_2", -32.44, 235, "T", "SMD", "3V3", "", "R", 31.496, 35.433, 0, 0, 0],
		[129, "PAD2_1", -87.56, 235, "T", "SMD", "GND", "GND", "R", 31.496, 35.433, 0, 0, 0],
		[130, "PAD3_2", 97.56, 235, "T", "SMD", "+5V", "", "R", 31.496, 35.433, 0, 0, 0],
		[131, "PAD4_1", 42.44, 235, "T", "SMD", "GND", "GND", "R", 31.496, 35.433, 0, 0, 0],
		[132, "PAD5_2", -32.6555, -347.208, "T", "SMD", "3V3", "", "R", 31.496, 35.433, 0, 0, 0],
		[133, "PAD6_1", -87.7755, -347.208, "T", "SMD", "GND", "GND", "R", 31.496, 35.433, 0, 0, 0],
		[134, "PAD7_2", 106.4755, -347.208, "T", "SMD", "3V3", "", "R", 31.496, 35.433, 0, 0, 0],
		[135, "PAD8_1", 51.3555, -347.208, "T", "SMD", "GND", "GND", "R", 31.496, 35.433, 0, 0, 0],
		[136, "PAD9_2", 212.2675, -347.208, "T", "SMD", "3V3", "", "R", 19.685, 21.26, 0, 0, 0],
		[137, "PAD10_1", 179.1875, -347.208, "T", "SMD", "GND", "GND", "R", 19.685, 21.26, 0, 0, 0],
		[138, "PAD11_2", 306.7565, -347.208, "T", "SMD", "3V3", "", "R", 19.685, 21.26, 0, 0, 0],
		[139, "PAD12_1", 273.6765, -347.208, "T", "SMD", "GND", "GND", "R", 19.685, 21.26, 0, 0, 0],
		[140, "PAD13_1", 387.48, 157.68, "T", "SMD", "CANL", "", "R", 39.37, 66.929, 0, 0, 270],
		[141, "PAD14_2", 387.48, -7.68, "T", "SMD", "CANH", "", "R", 39.37, 66.929, 0, 0, 270],
		[142, "PAD15_3", 572.52, -11.61, "T", "SMD", "GND", "GND", "R", 31.496, 66.929, 0, 0, 270],
		[143, "PAD16_4", 572.52, 161.61, "T", "SMD", "GND", "GND", "R", 31.496, 66.929, 0, 0, 270],
		[144, "PAD17_1", 387.48, -87.32, "T", "SMD", "CANL", "", "R", 39.37, 66.929, 0, 0, 270],
		[145, "PAD18_2", 387.48, -252.68, "T", "SMD", "CANH", "", "R", 39.37, 66.929, 0, 0, 270],
		[146, "PAD19_3", 572.52, -256.61, "T", "SMD", "GND", "GND", "R", 31.496, 66.929, 0, 0, 270],
		[147, "PAD20_4", 572.52, -83.39, "T", "SMD", "GND", "GND", "R", 31.496, 66.929, 0, 0, 270],
		[148, "PAD21_2", 480, 255, "T", "DIP", "CANL", "", "C", 70.866, 70.866, 43.308, 43.308, 0],
		[149, "PAD21_2", 480, 255, "B", "DIP", "CANL", "", "C", 70.866, 70.866, 43.308, 43.308, 0],
		[150, "PAD22_1", 380, 255, "T", "DIP", "$1N5486", "", "R", 70.866, 70.866, 43.308, 43.308, 0],
		[151, "PAD22_1", 380, 255, "B", "DIP", "$1N5486", "", "R", 70.866, 70.866, 43.308, 43.308, 0],
		[152, "PAD23_2", -435, 276.5, "T", "SMD", "$1N952", "", "R", 31.496, 31.496, 0, 0, 0],
		[153, "PAD24_1", -435, 213.5, "T", "SMD", "+5V", "", "R", 31.496, 31.496, 0, 0, 0],
		[154, "PAD25_2", -285, 276.5, "T", "SMD", "$1N985", "", "R", 31.496, 31.496, 0, 0, 0],
		[155, "PAD26_1", -285, 213.5, "T", "SMD", "+5V", "", "R", 31.496, 31.496, 0, 0, 0],
		[156, "PAD27_2", -430, -346.5, "T", "SMD", "$1N1015", "", "R", 31.496, 31.496, 0, 0, 180],
		[157, "PAD28_1", -430, -283.5, "T", "SMD", "+5V", "", "R", 31.496, 31.496, 0, 0, 180],
		[158, "PAD29_2", -285, -346.5, "T", "SMD", "$1N1045", "", "R", 31.496, 31.496, 0, 0, 180],
		[159, "PAD30_1", -285, -283.5, "T", "SMD", "+5V", "", "R", 31.496, 31.496, 0, 0, 180],
		[160, "PAD31_2", 292.04, -230, "T", "SMD", "LED1", "", "R", 22.27, 21.26, 0, 0, 0],
		[161, "PAD32_1", 257.96, -230, "T", "SMD", "$1N952", "", "R", 22.27, 21.26, 0, 0, 0],
		[162, "PAD33_2", 292.04, -165, "T", "SMD", "LED2", "", "R", 22.27, 21.26, 0, 0, 0],
		[163, "PAD34_1", 257.96, -165, "T", "SMD", "$1N985", "", "R", 22.27, 21.26, 0, 0, 0],
		[164, "PAD35_2", 292.04, -95, "T", "SMD", "LED3", "", "R", 22.27, 21.26, 0, 0, 0],
		[165, "PAD36_1", 257.96, -95, "T", "SMD", "$1N1015", "", "R", 22.27, 21.26, 0, 0, 0],
		[166, "PAD37_2", 292.04, -30, "T", "SMD", "LED4", "", "R", 22.27, 21.26, 0, 0, 0],
		[167, "PAD38_1", 257.96, -30, "T", "SMD", "$1N1045", "", "R", 22.27, 21.26, 0, 0, 0],
		[168, "PAD39_2", 270, 99.66, "T", "SMD", "$1N5486", "", "R", 31.751, 34.016, 0, 0, 90],
		[169, "PAD40_1", 270, 40.34, "T", "SMD", "CANH", "", "R", 31.751, 34.016, 0, 0, 90],
		[170, "PAD41_5", 375.175, -349.98, "T", "SMD", "GND", "GND", "R", 18.898, 18.898, 0, 0, 45],
		[171, "PAD42_2", 387.795, -368.68, "T", "SMD", "GND", "GND", "P", 7.875, 15.749, 0, 0, 0],
		[172, "PAD43_1", 362.205, -368.72, "T", "SMD", "3V3", "", "P", 7.874, 15.749, 0, 0, 0],
		[173, "PAD44_4", 362.205, -331.28, "T", "SMD", "+5V", "", "P", 7.875, 15.748, 0, 0, 0],
		[174, "PAD45_3", 387.795, -331.28, "T", "SMD", "+5V", "", "P", 7.875, 15.749, 0, 0, 0],
		[175, "PAD46_9", 230, 204.995, "T", "SMD", "GND", "GND", "R", 94.488, 62.992, 0, 0, 270],
		[176, "PAD47_8", 286.4, 243.385, "T", "SMD", "CANEN", "", "R", 14, 28, 0, 0, 270],
		[177, "PAD48_7", 286.4, 217.795, "T", "SMD", "CANH", "", "R", 14, 28, 0, 0, 270],
		[178, "PAD49_6", 286.4, 192.205, "T", "SMD", "CANL", "", "R", 14, 28, 0, 0, 270],
		[179, "PAD50_5", 286.4, 166.615, "T", "SMD", "3V3", "", "R", 14, 28, 0, 0, 270],
		[180, "PAD51_4", 173.6, 166.615, "T", "SMD", "CANRX", "", "R", 14, 28, 0, 0, 270],
		[181, "PAD52_3", 173.6, 192.205, "T", "SMD", "+5V", "", "R", 14, 28, 0, 0, 270],
		[182, "PAD53_2", 173.6, 217.795, "T", "SMD", "GND", "GND", "R", 14, 28, 0, 0, 270],
		[183, "PAD54_1", 173.6, 243.385, "T", "SMD", "CANTX", "", "R", 14, 28, 0, 0, 270],
		[184, "PAD55_49", -19.0645, -71.456, "T", "SMD", "GND", "GND", "R", 216.535, 216.535, 0, 0, 0],
		[185, "PAD56_48", -155.8645, -179.726, "T", "SMD", "3V3", "", "O", 33.465, 11.024, 0, 0, 0],
		[186, "PAD57_47", -155.8645, -160.036, "T", "SMD", "CANTX", "", "O", 33.465, 11.024, 0, 0, 0],
		[187, "PAD58_46", -155.8645, -140.356, "T", "SMD", "CANRX", "", "O", 33.465, 11.024, 0, 0, 0],
		[188, "PAD59_44", -155.8645, -100.986, "T", "SMD", "CC1", "", "O", 33.465, 11.024, 0, 0, 0],
		[189, "PAD60_42", -155.8645, -61.616, "T", "SMD", "CC2", "", "O", 33.465, 11.024, 0, 0, 0],
		[190, "PAD61_37", -155.8645, 36.814, "T", "SMD", "$1N6179", "", "O", 33.465, 11.024, 0, 0, 0],
		[191, "PAD62_36", -127.3345, 65.344, "T", "SMD", "$1N6197", "", "O", 11.024, 33.465, 0, 0, 0],
		[192, "PAD63_35", -107.6445, 65.344, "T", "SMD", "3V3", "", "O", 11.024, 33.465, 0, 0, 0],
		[193, "PAD64_34", -87.9645, 65.344, "T", "SMD", "DP", "", "O", 11.024, 33.465, 0, 0, 0],
		[194, "PAD65_33", -68.2745, 65.344, "T", "SMD", "DN", "", "O", 11.024, 33.465, 0, 0, 0],
		[195, "PAD66_32", -48.5945, 65.344, "T", "SMD", "CC2", "", "O", 11.024, 33.465, 0, 0, 0],
		[196, "PAD67_31", -28.9045, 65.344, "T", "SMD", "CC1", "", "O", 11.024, 33.465, 0, 0, 0],
		[197, "PAD68_23", 117.7355, 17.124, "T", "SMD", "3V3", "", "O", 33.465, 11.024, 0, 0, 0],
		[198, "PAD69_21", 117.7355, -22.246, "T", "SMD", "3V3", "", "O", 33.465, 11.024, 0, 0, 0],
		[199, "PAD70_20", 117.7355, -41.926, "T", "SMD", "3V3", "", "O", 33.465, 11.024, 0, 0, 0],
		[200, "PAD71_18", 117.7355, -81.296, "T", "SMD", "LED4", "", "O", 33.465, 11.024, 0, 0, 0],
		[201, "PAD72_17", 117.7355, -100.986, "T", "SMD", "LED3", "", "O", 33.465, 11.024, 0, 0, 0],
		[202, "PAD73_16", 117.7355, -120.666, "T", "SMD", "CANEN", "", "O", 33.465, 11.024, 0, 0, 0],
		[203, "PAD74_15", 117.7355, -140.356, "T", "SMD", "LED2", "", "O", 33.465, 11.024, 0, 0, 0],
		[204, "PAD75_14", 117.7355, -160.036, "T", "SMD", "LED1", "", "O", 33.465, 11.024, 0, 0, 0],
		[205, "PAD76_1", -127.3345, -208.256, "T", "SMD", "3V3", "", "O", 11.024, 33.465, 0, 0, 0],
		[206, "PAD77_1", -246.495, 95.985, "T", "SMD", "GND", "GND", "R", 21.654, 43.307, 0, 0, 270],
		[207, "PAD78_2", -246.495, 64.485, "T", "SMD", "+5V", "", "R", 21.654, 43.307, 0, 0, 270],
		[208, "PAD79_4", -246.495, 19.205, "T", "SMD", "CC1", "", "R", 11.811, 43.307, 0, 0, 270],
		[209, "PAD80_5", -246.495, -0.475, "T", "SMD", "DN", "", "R", 11.811, 43.307, 0, 0, 270],
		[210, "PAD81_6", -246.495, -20.155, "T", "SMD", "DP", "", "R", 11.811, 43.307, 0, 0, 270],
		[211, "PAD82_7", -246.495, -39.845, "T", "SMD", "DN", "", "R", 11.811, 43.307, 0, 0, 270],
		[212, "PAD83_8", -246.495, -59.525, "T", "SMD", "DP", "", "R", 11.811, 43.307, 0, 0, 270],
		[213, "PAD84_10", -246.495, -98.905, "T", "SMD", "CC2", "", "R", 11.811, 43.307, 0, 0, 270],
		[214, "PAD85_11", -246.495, -124.495, "T", "SMD", "+5V", "", "R", 21.654, 43.307, 0, 0, 270],
		[215, "PAD86_12", -246.495, -155.985, "T", "SMD", "GND", "GND", "R", 21.654, 43.307, 0, 0, 270],
		[216, "PAD87_13", -268.145, 140.275, "T", "DIP", "GND", "GND", "O", 43.307, 78.74, 23.622, 59.055, 270],
		[217, "PAD87_13", -268.145, 140.275, "B", "DIP", "GND", "GND", "O", 43.307, 78.74, 23.622, 59.055, 270],
		[218, "PAD88_14", -268.145, -200.275, "T", "DIP", "GND", "GND", "O", 43.307, 78.74, 23.622, 59.056, 270],
		[219, "PAD88_14", -268.145, -200.275, "B", "DIP", "GND", "GND", "O", 43.307, 78.74, 23.622, 59.056, 270],
		[220, "PAD89_13", -433.505, 140.275, "T", "DIP", "GND", "GND", "O", 47.244, 70.866, 23.622, 47.244, 270],
		[221, "PAD89_13", -433.505, 140.275, "B", "DIP", "GND", "GND", "O", 47.244, 70.866, 23.622, 47.244, 270],
		[222, "PAD90_14", -433.505, -200.275, "T", "DIP", "GND", "GND", "O", 47.244, 70.866, 23.622, 47.244, 270],
		[223, "PAD90_14", -433.505, -200.275, "B", "DIP", "GND", "GND", "O", 47.244, 70.866, 23.622, 47.244, 270],
		[224, "PAD91_1", -20.1575, 293.3075, "T", "SMD", "$1N6197", "", "R", 19.685, 25.7, 0, 0, 0],
		[225, "PAD92_1", -60.1575, 293.9375, "T", "SMD", "$1N6179", "", "R", 19.685, 25.7, 0, 0, 0]
	]
}
}